,theta,avg_cost,max_cost,std_cost,cost_skewness,solver_obj,violations_rate,violations_penalty,pds_lat,wds_lat,T1,T2,B0,reliability,penalized_avg_obj
0,0.5,131008.29370215556,139142.13709114864,2203.6953793175817,0.13057505380850218,134012.35166687684,0.528,42206.1034990473,0,0,321,335,0,0.472,173214.39720120287
1,0.5,131008.29370215556,139142.13709114864,2203.6953793175817,0.13057505380850218,134012.35166687684,0.528,42206.1034990473,0,0,321,335,0,0.472,173214.39720120287
2,0.5,131071.68086761562,139105.2680601877,2194.0088789042234,0.1255296308182883,134079.60698273368,0.603,74306.86330538601,0,2,390,344,0,0.397,205378.54417300163
3,0.5,131141.73484639,139068.82039725204,2184.9710080828913,0.11867807936386876,134139.63219053572,0.569,97473.12764982591,0,4,371,319,0,0.43100000000000005,228614.8624962159
4,0.5,131201.42472800973,139070.11725835621,2171.0129449757715,0.11494772711013182,134195.18350766372,0.571,119258.48658471946,0,6,377,311,0,0.42900000000000005,250459.91131272918
5,0.5,131248.7744804536,138801.6573633177,2147.311910643245,0.11453373099328483,134242.71223774712,0.592,140009.48506890918,0,8,414,296,0,0.40800000000000003,271258.2595493628
6,0.5,131280.00708273458,139141.8793470743,2140.485464267771,0.13324646923177144,134283.48492028847,0.568,160559.55587310682,0,10,372,305,0,0.43200000000000005,291839.5629558414
7,0.5,131324.05347707146,138798.35373199856,2121.468924766961,0.14918447482218367,134319.80710049093,0.61,173938.2473115236,0,12,436,309,0,0.39,305262.30078859505
8,0.5,131015.48475459975,139109.79379159864,2207.446336588166,0.13001954469987398,134025.39250115486,0.507,42321.12175856854,2,0,301,322,0,0.493,173336.60651316828
9,0.5,131094.98330498915,139064.15874982346,2183.614794361014,0.129723809160668,134107.44613957172,0.534,76315.62497966381,2,2,312,340,0,0.46599999999999997,207410.60828465296
10,0.5,131152.59070977537,139038.63922537796,2183.6591312003475,0.12261071734345086,134159.66930828898,0.556,98171.7852043599,2,4,352,321,0,0.44399999999999995,229324.37591413525
11,0.5,131209.2588379698,139035.7442202925,2174.2100318191315,0.11627421498084248,134212.22907769665,0.522,119659.21234427587,2,6,307,308,0,0.478,250868.47118224567
12,0.5,131256.15928100602,138959.9133333263,2155.1853535601103,0.11580178626658327,134258.16350030637,0.548,140283.2230285497,2,8,348,302,0,0.45199999999999996,271539.3823095557
13,0.5,131287.24430264297,139310.5207519102,2150.279982372917,0.1335945331827911,134298.1427989421,0.582,164367.54297560157,2,10,398,307,0,0.41800000000000004,295654.7872782445
14,0.5,131330.98425660754,138998.81988541078,2133.9440388751073,0.14948466370345284,134333.93502785088,0.718,174152.37661464984,2,12,591,305,0,0.28200000000000003,305483.3608712574
15,0.5,131017.50963387867,139075.36780090432,2210.0351220975826,0.12854627171288935,134030.81597874794,0.508,42427.14059228948,4,0,300,323,0,0.492,173444.65022616816
16,0.5,131096.8372979786,139034.61106697624,2187.7682964867436,0.12865919749594906,134112.81359453526,0.521,76329.89533125109,4,2,302,330,0,0.479,207426.7326292297
17,0.5,131168.17086333418,138996.99602202408,2172.665629629627,0.12862011462810216,134178.70845808004,0.583,100542.84497672005,4,4,386,331,0,0.41700000000000004,231711.01584005423
18,0.5,131214.1595814602,138951.40084852505,2169.825625808777,0.11924499964339752,134223.9027070589,0.657,120351.93291042862,4,6,421,402,0,0.34299999999999997,251566.09249188882
19,0.5,131259.11692701088,139023.64944482406,2156.1278810245476,0.11705373917288579,134267.18192063927,0.535,140313.79283893807,4,8,330,299,0,0.46499999999999997,271572.90976594895
20,0.5,131290.02166298003,139362.63260273758,2153.7376882343265,0.13364162295602944,134305.7518494383,0.56,161902.23522324604,4,10,346,322,0,0.43999999999999995,293192.25688622607
21,0.5,131332.62857581486,139040.881363704,2139.1929310121436,0.1482896684504682,134340.80435837898,0.58,174740.02001499612,4,12,381,325,0,0.42000000000000004,306072.64859081095
22,0.5,131018.02537032112,139074.13838402316,2210.171236697247,0.12893521231985208,134031.9420858856,0.509,42437.476202196565,6,0,300,324,0,0.491,173455.50157251768
23,0.5,131097.27427554847,139032.85023756133,2188.1642709455105,0.12954994997181457,134113.91368834602,0.526,76310.78396102006,6,2,308,329,0,0.474,207408.05823656853
24,0.5,131168.70310732495,138993.1525297554,2173.2145979679353,0.12953301598672415,134179.80267213067,0.521,100500.71825952624,6,4,313,318,0,0.479,231669.4213668512
25,0.5,131225.19188970557,138951.71805696763,2153.509109720122,0.12608378467474668,134236.85143032914,0.54,122993.81334545974,6,6,332,316,0,0.45999999999999996,254219.0052351653
26,0.5,131262.6535663044,139037.08822948483,2148.74886537089,0.12162819666370846,134273.99002112274,0.594,141139.74719094334,6,8,388,329,0,0.406,272402.4007572477
27,0.5,131292.32257339623,139347.19331158104,2148.710777764227,0.13538342891948385,134310.32665712494,0.66,161844.0060863876,6,10,335,464,0,0.33999999999999997,293136.3286597838
28,0.5,131333.43462104443,139056.3731110851,2136.763170914285,0.14895022259440613,134344.12873576197,0.623,177794.91926374208,6,12,396,373,0,0.377,309128.3538847865
29,0.5,131018.05097420927,139078.0383075155,2209.141346619377,0.12921081451413008,134032.10620465665,0.51,42503.78632175816,8,0,301,327,0,0.49,173521.83729596745
30,0.5,131097.2880695561,139038.3761647459,2186.377256224006,0.12999589175377393,134114.10196329775,0.528,76355.85012868175,8,2,311,332,0,0.472,207453.13819823784
31,0.5,131168.73787225664,139000.4894514401,2170.9183030642407,0.12992396594310818,134180.0129815578,0.527,100636.0843046284,8,4,316,320,0,0.473,231804.82217688503
32,0.5,131225.30433645006,138949.77102989054,2150.773093460112,0.12651687072823772,134237.0908875837,0.56,123122.74846337452,8,6,315,363,0,0.43999999999999995,254348.05279982457
33,0.5,131272.97848384563,139051.05519054178,2133.3282933201253,0.12714874972694137,134284.40137942755,0.634,144074.96189552656,8,8,339,424,1,0.366,275347.9403793722
34,0.5,131296.56214450198,139312.98912193073,2137.1013918664958,0.13637147258860147,134315.73847162892,0.582,162720.6924487222,8,10,343,355,0,0.41800000000000004,294017.25459322415
35,0.5,131334.39806487618,139067.68225797746,2128.3653022344947,0.14816132844094151,134347.5943207689,0.585,175888.9090505748,8,12,344,366,0,0.41500000000000004,307223.30711545097
36,0.5,131018.47587668193,139078.57749525254,2207.4411190408705,0.1299387695098427,134032.55746590975,0.513,42384.81289500903,10,0,302,331,0,0.487,173403.28877169098
37,0.5,131097.7634274321,139035.248623032,2183.5365297404983,0.13060574090199004,134114.59679656342,0.524,76220.13651814996,10,2,309,330,0,0.476,207317.89994558206
38,0.5,131169.26404918145,138996.10909767868,2167.060111140868,0.1307250396517366,134180.53782754586,0.523,100495.81578885493,10,4,317,318,0,0.477,231665.07983803638
39,0.5,131225.7424598837,138935.08022342343,2146.107094692125,0.12731773923586662,134237.63607659604,0.537,122975.28133120161,10,6,312,333,0,0.46299999999999997,254201.02379108532
40,0.5,131273.442821346,139033.80672926526,2128.131923778718,0.12780840621744768,134284.98899414742,0.69,143887.85226056626,10,8,334,502,0,0.31000000000000005,275161.29508191225
41,0.5,131308.1729808415,139216.04228643537,2118.776811169012,0.13853480421171432,134325.1135427271,0.636,164716.48376849724,10,10,389,403,0,0.364,296024.6567493387
42,0.5,131337.08746804995,139077.447526966,2116.7354352840084,0.1452049991505325,134352.65738877666,0.668,176071.34292327138,10,12,445,389,0,0.33199999999999996,307408.4303913213
43,0.5,131018.82383148446,139073.81074827863,2204.9430812095825,0.12971100328644247,134033.17662502977,0.512,42337.1032983977,12,0,304,326,0,0.488,173355.92712988215
44,0.5,131098.10751660567,139025.7582013521,2179.705499919768,0.13014355381010953,134115.25207741713,0.526,76244.77037776451,12,2,310,329,0,0.474,207342.87789437018
45,0.5,131169.73167904612,138979.2064952678,2162.300918230453,0.13017896965118292,134181.25007015842,0.522,100579.51416431941,12,4,315,318,0,0.478,231749.24584336553
46,0.5,131226.18589700141,138892.78762813963,2140.3461375739735,0.12661550415796718,134238.33714343962,0.55,123019.8667289587,12,6,309,349,0,0.44999999999999996,254246.05262596012
47,0.5,131273.95324310783,138995.946158993,2121.712026362792,0.1273339971625209,134285.7062325458,0.576,143921.256471652,12,8,335,353,0,0.42400000000000004,275195.20971475984
48,0.5,131308.8284761456,139167.18607788725,2111.737948472912,0.13806528950457467,134325.8498848181,0.554,164760.3820481927,12,10,348,312,0,0.44599999999999995,296069.2105243383
49,0.5,131344.68379692093,139137.12889586407,2101.6848860669506,0.1378370315315263,134361.0186837151,0.624,178363.22733113827,12,12,436,325,0,0.376,309707.9111280592
50,1.0,132377.44224193087,139869.95171960024,2041.8326194158512,0.10470039991615784,139788.0046134188,0.312,18715.288766836766,0,0,182,166,0,0.688,151092.73100876765
51,1.0,132377.44224193087,139869.95171960024,2041.8326194158512,0.10470039991615784,139788.0046134188,0.312,18715.288766836766,0,0,182,166,0,0.688,151092.73100876765
52,1.0,132513.23791939995,139948.03637815313,2037.8932258352067,0.1025611725601755,139922.5146949306,0.303,33243.46319525958,0,2,162,180,0,0.6970000000000001,165756.70111465955
53,1.0,132649.25140908037,139978.5691985062,2032.4347467665273,0.09566839014132218,140042.5577907106,0.317,43046.80609320459,0,4,167,179,0,0.683,175696.05750228497
54,1.0,132769.92789643625,140051.30799128133,2020.8031452925095,0.09116532900141888,140153.66584945377,0.328,52107.53797249097,0,6,194,163,0,0.6719999999999999,184877.46586892722
55,1.0,132869.24990280892,139731.55122119858,1998.4163757319893,0.09193622438968914,140248.71808161866,0.329,60764.89337023806,0,8,208,158,0,0.671,193634.143273047
56,1.0,132944.9061994455,140131.4891352633,1991.7936603142766,0.11124003395297852,140330.26145395383,0.364,70839.27074072254,0,10,234,175,0,0.636,203784.17694016805
57,1.0,133028.8729341488,139822.3938025954,1973.393961027667,0.13026437152723336,140402.8890196201,0.349,72804.04811297175,0,12,206,177,0,0.651,205832.92104712053
58,1.0,132387.10563567196,139885.04104966015,2046.1053569007631,0.1041847688151773,139814.086911412,0.31,18783.870050177247,2,0,180,168,0,0.69,151170.9756858492
59,1.0,132553.56103648207,139955.8983160556,2024.2374149183831,0.10531987774912813,139978.18943565956,0.306,34187.765070355206,2,2,163,183,0,0.694,166741.32610683728
60,1.0,132666.50667859876,139990.30761422138,2029.229757638255,0.09825801698406379,140082.63413547014,0.312,42898.56638513101,2,4,166,175,0,0.688,175565.07306372977
61,1.0,132782.0918462088,140068.1659501086,2023.1158569887182,0.09234314877984853,140187.72449012,0.315,52118.77521641247,2,6,182,162,0,0.685,184900.86706262126
62,1.0,132879.98066759508,139899.79590916896,2005.5400842304166,0.09219577441428742,140279.6209337359,0.315,60726.77033078958,2,8,188,157,0,0.685,193606.75099838467
63,1.0,132955.08114354138,140294.9073340352,2001.2883508833806,0.11065444668931829,140359.57862237666,0.341,70287.90486696776,2,10,204,172,0,0.659,203242.98601050914
64,1.0,133038.18720936347,139984.10668780206,1984.8089761696313,0.12857630585872637,140431.1726375394,0.327,73136.50699105342,2,12,180,177,0,0.673,206174.6942004169
65,1.0,132390.375983335,139850.653749418,2048.2931370369733,0.10345587153384937,139824.92939767678,0.306,18836.18912268012,4,0,176,169,0,0.694,151226.5651060151
66,1.0,132556.782242766,139925.42194053018,2027.7694405137051,0.10466137754076152,139988.91668681032,0.306,34179.19727603884,4,2,163,182,0,0.694,166735.97951880484
67,1.0,132697.9221957681,139945.33744080528,2013.9040313822845,0.10340992135075433,140120.71621075764,0.304,43688.88187174042,4,4,162,172,0,0.696,176386.80406750852
68,1.0,132792.55815639585,139996.77042238385,2016.4196316453506,0.09513608467957194,140211.08798693508,0.317,52428.73035869034,4,6,180,166,0,0.683,185221.2885150862
69,1.0,132885.8029808299,139956.23606095562,2004.55429647864,0.09386931613056194,140297.66311164724,0.331,60722.711474779586,4,8,199,164,0,0.669,193608.5144556095
70,1.0,132959.93538281642,140337.1554661728,2003.3359499951107,0.11088242511178056,140374.80789268395,0.333,70317.91964789931,4,10,189,175,0,0.667,203277.85503071573
71,1.0,133041.82968607926,140043.49561828625,1988.9031184204944,0.12776836646575976,140444.92001226128,0.366,72746.78197314432,4,12,223,180,0,0.634,205788.61165922356
72,1.0,132391.26578526822,139839.02865529503,2048.6628941718304,0.10387482543685453,139827.1850835073,0.309,18804.828309360782,6,0,177,169,0,0.6910000000000001,151196.094094629
73,1.0,132557.76643133472,139913.51833946496,2028.3791325901132,0.10546303514461848,139991.14268889365,0.303,34176.23191320832,6,2,163,180,0,0.6970000000000001,166733.99834454304
74,1.0,132698.93913914647,139933.59073426528,2014.7631632573537,0.10444835514911154,140122.93640489472,0.305,43743.236978527355,6,4,161,174,0,0.6950000000000001,176442.17611767384
75,1.0,132817.09294324488,139860.72797006927,1997.5760051583134,0.10108017116536375,140237.00000965767,0.36,53041.06540303571,6,6,177,217,0,0.64,185858.15834628057
76,1.0,132893.5408231481,139982.47960715892,1995.5410517311605,0.0973936110485263,140311.2855726223,0.324,60985.326765625956,6,8,184,170,0,0.6759999999999999,193878.86758877407
77,1.0,132964.30374236664,140332.72179160727,1997.315615532486,0.11181401260743848,140383.9467216044,0.333,70265.74465500454,6,10,192,173,0,0.667,203230.0483973712
78,1.0,133043.89976871587,140068.05756117584,1985.7843411292988,0.12719695428968014,140451.54732224447,0.422,72841.78394772485,6,12,211,253,0,0.5780000000000001,205885.68371644072
79,1.0,132391.3066872554,139841.06383357238,2047.6220754927688,0.1041814265840905,139827.51233539317,0.308,18859.40654455114,8,0,177,170,0,0.692,151250.71323180653
80,1.0,132557.70381045536,139917.5959615967,2026.8059401334183,0.10594674612015609,139991.50396426435,0.308,34174.12684842826,8,2,163,184,0,0.692,166731.8306588836
81,1.0,132698.85119183286,139938.88766694543,2012.5211153650741,0.10514253410747536,140123.3194839715,0.306,43853.054353278785,8,4,163,174,0,0.694,176551.90554511163
82,1.0,132817.01556565583,139868.47494181167,1995.0020387976247,0.10191996733718905,140237.4620615069,0.311,53228.05919035373,8,6,174,167,0,0.6890000000000001,186045.07475600956
83,1.0,132915.32952390274,140004.24567872836,1978.4542699698413,0.10309801665136306,140332.10286921173,0.352,61992.67652649489,8,8,191,199,0,0.648,194908.00605039764
84,1.0,132972.07730861453,140301.8915223403,1984.862801468598,0.11253324417376474,140394.77688854188,0.396,70602.88949706152,8,10,214,232,0,0.604,203574.96680567606
85,1.0,133046.61814972872,140078.74143035515,1977.022420046609,0.12559181258658858,140458.49877639834,0.369,73498.18062465891,8,12,191,211,0,0.631,206544.79877438763
86,1.0,132391.77171955458,139841.35990431265,2045.9902085820563,0.10466764803554073,139828.42709001398,0.305,18798.976606346252,10,0,175,169,0,0.6950000000000001,151190.74832590084
87,1.0,132558.21569308187,139914.27400260817,2024.0395974436533,0.10621146358535799,139992.49305910585,0.304,34132.19397181277,10,2,159,184,0,0.696,166690.40966489463
88,1.0,132699.2946513397,139932.50511405943,2008.8394228238174,0.10533121835318165,140124.37573171168,0.307,43846.72318682223,10,4,163,175,0,0.6930000000000001,176546.01783816193
89,1.0,132817.51725712806,139857.2003371988,1990.6327063274377,0.1019851030410205,140238.578217147,0.313,53132.743192306996,10,6,173,170,0,0.687,185950.26044943504
90,1.0,132915.86047557098,139988.5823696182,1973.3425135230834,0.10333054709288832,140333.26855321456,0.309,61956.77649253273,10,8,177,163,0,0.6910000000000001,194872.6369681037
91,1.0,132994.52064782305,140214.36023645056,1965.5121513246652,0.11353186924567459,140413.52555642696,0.33,71137.49374671569,10,10,184,177,0,0.6699999999999999,204132.01439453874
92,1.0,133052.68550053344,140087.2020882567,1964.5742278473442,0.12138140896650004,140468.6175799583,0.374,73304.23831682553,10,12,217,197,0,0.626,206356.92381735897
93,1.0,132392.19498147146,139836.4090673677,2043.6210371385862,0.10435994142751584,139829.64523608173,0.307,18791.540303776856,12,0,178,167,0,0.6930000000000001,151183.73528524832
94,1.0,132558.676029514,139904.63675945153,2020.228873829017,0.1057777764665807,139993.7972378335,0.305,34250.67782716657,12,2,163,182,0,0.6950000000000001,166809.35385668057
95,1.0,132699.7403498453,139919.19045020538,2004.1152669449154,0.10465603621670892,140125.7327006976,0.307,43909.13175389793,12,4,165,173,0,0.6930000000000001,176608.87210374323
96,1.0,132817.98314551692,139847.197894781,1985.1318925244302,0.10137203891287994,140239.97462757348,0.308,53358.31583933809,12,6,172,165,0,0.692,186176.298984855
97,1.0,132916.36700818714,139948.0014953307,1967.2031699347972,0.10279518888222275,140334.70895029794,0.354,62156.726021230585,12,8,179,213,0,0.646,195073.09302941774
98,1.0,132995.08379255663,140171.29890398966,1958.761183652654,0.11296856160615945,140414.99844143502,0.327,71270.56973026303,12,10,177,183,0,0.673,204265.65352281966
99,1.0,133069.35033805866,140143.4407168263,1948.4680290401338,0.11212764505136992,140485.3304489346,0.326,74377.10868081216,12,12,178,175,0,0.6739999999999999,207446.45901887084
100,1.5,134017.81436189704,141033.86092951908,1938.3159193293482,0.06359579676804872,145563.6591699671,0.149,6794.479272710113,0,0,78,80,0,0.851,140812.29363460714
101,1.5,134017.81436189704,141033.86092951908,1938.3159193293482,0.06359579676804872,145563.6591699671,0.149,6794.479272710113,0,0,78,80,0,0.851,140812.29363460714
102,1.5,134224.84161436986,141182.7291890824,1938.6358846947273,0.06251431991089249,145765.42787888186,0.156,12961.787944017635,0,2,74,93,0,0.844,147186.6295583875
103,1.5,134426.01768634559,141330.410185526,1935.6872474604281,0.056870748033400156,145945.48947980965,0.147,14914.225375678692,0,4,74,79,0,0.853,149340.24306202427
104,1.5,134607.04406432415,141507.51917003363,1925.4811009983994,0.05305222447276782,146112.1469151688,0.143,18547.30131729857,0,6,78,76,0,0.857,153154.34538162273
105,1.5,134757.69663859552,141117.9217693218,1904.531867545587,0.05448960339540301,146254.72714604912,0.148,21179.536082055078,0,8,83,70,0,0.852,155937.2327206506
106,1.5,134877.81273874812,141571.6450200755,1898.2976598877353,0.07565061346043664,146377.04370844323,0.167,23356.577313241476,0,10,90,85,0,0.833,158234.39005198958
107,1.5,135000.9595516099,141286.0209905304,1880.20081122326,0.0965480267136936,146485.98897510936,0.163,21150.785524572784,0,12,93,78,0,0.837,156151.7450761827
108,1.5,134030.37211143321,141073.86956011705,1943.134457821065,0.06361420384517773,145602.76920872412,0.147,6828.283809272689,2,0,76,80,0,0.853,140858.6559207059
109,1.5,134283.73771565498,141209.8723525909,1923.2951868425835,0.06398352077682817,145848.93232727403,0.152,13289.48804400731,2,2,72,91,0,0.848,147573.22575966228
110,1.5,134450.9799629208,141368.5752671113,1930.9054861019413,0.05838079145407058,146005.60142022395,0.144,15263.615516741012,2,4,72,78,0,0.856,149714.5954796618
111,1.5,134624.3680435195,141547.3327025362,1926.8564493423112,0.05372043673785642,146163.2371225545,0.152,18632.40059534562,2,6,84,79,0,0.848,153256.76863886512
112,1.5,134772.3596815924,141202.81665265938,1910.5353048090017,0.05405215333374608,146301.0839713571,0.151,21100.137869135542,2,8,88,69,0,0.849,155872.49755072795
113,1.5,134891.54070060074,141652.2319519727,1906.9048716251514,0.07451107123497815,146421.01790512522,0.166,23404.733335705045,2,10,90,84,0,0.834,158296.27403630578
114,1.5,135013.69140647736,141381.32333079533,1891.1843564829212,0.09483696492010085,146528.40667766385,0.165,21124.720134621763,2,12,92,82,0,0.835,156138.41154109914
115,1.5,134035.29399122755,141055.41898495157,1944.9366258525602,0.0635209162205942,145619.05011965125,0.148,6831.211453124639,4,0,76,81,0,0.852,140866.5054443522
116,1.5,134288.72395022292,141189.94495352247,1926.3781239471878,0.06388977849576323,145865.0152057087,0.151,13317.317093342266,4,2,73,89,0,0.849,147606.0410435652
117,1.5,134499.84239072478,141345.35397828062,1913.7239097151107,0.06166254392954189,146062.72383743068,0.134,15738.958924683222,4,4,62,77,0,0.866,150238.801315408
118,1.5,134640.86534607245,141498.02718787338,1918.6608214523728,0.055875672926848294,146198.30143252973,0.147,18808.618574333042,4,6,77,81,0,0.853,153449.4839204055
119,1.5,134781.70602554476,141256.41631154335,1908.4609989704313,0.05515741482616814,146328.1437239615,0.158,21019.730497526143,4,8,95,70,0,0.842,155801.4365230709
120,1.5,134898.90916440278,141690.76569473904,1907.5563505569155,0.07417473351991395,146443.84326614058,0.158,23437.79337697623,4,10,81,85,0,0.842,158336.70254137903
121,1.5,135019.47285289335,141437.19884881275,1894.2443815467936,0.09349084767014156,146549.0300151772,0.165,21093.611523542706,4,12,91,83,0,0.835,156113.08437643605
122,1.5,134036.3898264732,141039.7113380285,1944.8744148380467,0.06342824678838284,145622.42693790203,0.147,6785.4931175038455,6,0,77,79,0,0.853,140821.88294397705
123,1.5,134289.76866049616,141173.07946795685,1926.5200265453293,0.06417424224807852,145868.3431757116,0.155,13311.57745707731,6,2,74,92,0,0.845,147601.34611757347
124,1.5,134500.93828020012,141328.3005221134,1914.0180292081145,0.06208735431816272,146066.0048958511,0.136,15686.851136083333,6,4,62,79,0,0.864,150187.78941628346
125,1.5,134679.97666958845,141374.25842259693,1897.885401166882,0.06044115771198275,146237.15064934632,0.144,19102.068574801437,6,6,71,84,0,0.856,153782.04524438988
126,1.5,134794.12190921206,141271.3172653566,1898.0010795253236,0.05735470715784975,146348.56995280104,0.15,20970.987105518383,6,8,83,72,0,0.85,155765.10901473043
127,1.5,134905.6539142788,141675.02709785698,1900.679074439882,0.07403950495868901,146457.57017739132,0.157,23339.888510109726,6,10,80,85,0,0.843,158245.54242438852
128,1.5,135024.99133447223,141446.92048383993,1890.8943460366543,0.09412159098849783,146558.97929038855,0.15,21009.680153812318,6,12,78,81,0,0.85,156034.67148828454
129,1.5,134036.38757684306,141042.6274483506,1943.8756249675007,0.06355914621199663,145622.91626319927,0.149,6754.899295230531,8,0,76,82,0,0.851,140791.2868720736
130,1.5,134289.6652668247,141178.245149876,1924.9294483866659,0.06435909440692772,145868.77187674143,0.149,13314.857980078974,8,2,71,89,0,0.851,147604.52324690367
131,1.5,134500.92292356532,141334.8201222277,1911.9679849585737,0.062436857089715025,146066.62828939143,0.136,15723.54705542931,8,4,62,80,0,0.864,150224.46997899463
132,1.5,134679.88301213956,141381.861688118,1895.4588809267684,0.06099449849815372,146237.83715101157,0.144,19131.364928115396,8,6,70,85,0,0.856,153811.24794025495
133,1.5,134828.44701057245,141299.3674749111,1879.936632511074,0.06157624925128789,146379.80436296144,0.175,21380.41086187733,8,8,88,95,0,0.825,156208.8578724498
134,1.5,134917.6015449779,141644.79765489523,1887.4334841552904,0.0731539548759516,146473.81444325455,0.164,23352.452953797823,8,10,91,82,0,0.836,158270.05449877572
135,1.5,135027.43800158083,141457.07786027552,1880.8664061425986,0.08912328516905864,146569.3899500314,0.162,21143.958171557308,8,12,88,83,0,0.838,156171.39617313814
136,1.5,134036.89917381873,141043.61661013914,1942.35843249214,0.06393139987770943,145624.26970608035,0.147,6713.7281828870655,10,0,76,79,0,0.853,140750.6273567058
137,1.5,134290.26842278434,141176.07735173276,1922.3003970520008,0.0647737840584517,145870.39038392223,0.149,13251.292867347383,10,2,70,90,0,0.851,147541.56129013174
138,1.5,134501.3829801721,141329.91866858624,1908.4803394007777,0.06278811937704112,146068.21578083606,0.133,15634.39613411107,10,4,61,78,0,0.867,150135.77911428316
139,1.5,134680.43832320021,141374.63183057695,1891.2105484542478,0.06132107690477636,146239.50916495867,0.151,19027.556229738617,10,6,69,92,0,0.849,153707.99455293882
140,1.5,134828.9975186714,141285.96582545695,1875.175914783334,0.06193888513219992,146381.55091527032,0.15,21272.12471172772,10,8,76,81,0,0.85,156101.1222303991
141,1.5,134951.37401773327,141569.05112781434,1867.568431581692,0.07290076057822115,146501.91050767363,0.167,23420.524310843448,10,10,86,91,0,0.833,158371.8983285767
142,1.5,135037.31066484947,141469.66474790976,1868.1396899488602,0.08370696597700378,146584.573909301,0.152,21156.397648761144,10,12,78,83,0,0.848,156193.7083136106
143,1.5,134037.67143656858,141043.8849349218,1940.1428105811951,0.06397787764164682,145626.14791838764,0.152,6712.825300144283,12,0,78,82,0,0.848,140750.49673671287
144,1.5,134290.86923994325,141172.71265135473,1918.8449867202237,0.0646960947472377,145872.34299888858,0.15,13310.21849359843,12,2,71,90,0,0.85,147601.08773354167
145,1.5,134502.0402535833,141323.44706087594,1904.1212671639603,0.06254973887434821,146070.25343601356,0.135,15685.750299641768,12,4,61,80,0,0.865,150187.7905532251
146,1.5,134681.0966115569,141365.51915693007,1886.067676288236,0.06105816485352949,146241.61172243336,0.166,19060.32358279459,12,6,71,107,0,0.834,153741.42019435146
147,1.5,134829.70877280875,141256.41334052163,1869.401868622421,0.06163984709061784,146383.7069582186,0.165,21367.601805873222,12,8,76,96,0,0.835,156197.31057868197
148,1.5,134952.06285379935,141537.27052809874,1861.251765164354,0.07263877900358551,146504.14776492707,0.157,23486.277420464972,12,10,88,79,0,0.843,158438.3402742643
149,1.5,135064.13228841082,141545.40336466278,1851.7635607165216,0.07190497461004065,146609.64576763008,0.163,21622.318540213244,12,12,88,83,0,0.837,156686.45082862407
150,2.0,135810.3574468256,142486.94794687984,1880.823377864989,0.03443412113020802,151339.30829119252,0.063,1884.4111817551543,0,0,31,34,0,0.937,137694.76862858076
151,2.0,135810.3574468256,142486.94794687984,1880.823377864989,0.03443412113020802,151339.30829119252,0.063,1884.4111817551543,0,0,31,34,0,0.937,137694.76862858076
152,2.0,136086.61847994514,142705.00419260384,1883.5282298795157,0.0327400014705306,151608.3301544217,0.059,3649.1217474638497,0,2,29,32,0,0.9410000000000001,139735.740227409
153,2.0,136352.28361684052,142907.90406162076,1882.0207614103263,0.02876055861004972,151848.4175423979,0.05,4587.16692947623,0,4,23,27,0,0.95,140939.45054631674
154,2.0,136594.14075813038,143153.8899271625,1873.1889742627366,0.02530526995253055,152070.62741091897,0.053,5178.463433472483,0,6,24,31,0,0.947,141772.60419160285
155,2.0,136796.95693918553,142927.97150428864,1854.3809848363169,0.028310630638871986,152260.73583934747,0.052,5516.0472018249675,0,8,26,26,0,0.948,142313.0041410105
156,2.0,136960.87143779028,143412.37604627805,1847.8933453435186,0.0489584949352651,152423.79346313007,0.049,4986.158864347093,0,10,18,31,0,0.951,141947.03030213737
157,2.0,137124.6929476179,143174.55033656966,1830.8739804917127,0.07383304894511096,152569.0841677122,0.034,4399.969091330799,0,12,16,18,0,0.966,141524.6620389487
158,2.0,135827.23662273644,142492.89990523318,1885.0281397330577,0.03404910371971779,151391.4529417111,0.059,1874.2914637848598,2,0,30,31,0,0.9410000000000001,137701.5280865213
159,2.0,136166.58705148386,142704.2931951413,1866.4941989325746,0.03225110057983391,151719.67898987906,0.053,3796.9204399771243,2,2,28,28,0,0.947,139963.50749146097
160,2.0,136387.00482830888,142915.11741617054,1876.197379036512,0.03003371952900632,151928.56750912848,0.049,4609.544395280138,2,4,22,27,0,0.951,140996.549223589
161,2.0,136617.91729138163,143166.9133358838,1873.837813610172,0.025241011175761014,152138.74900703432,0.054,5255.8813077033,2,6,25,31,0,0.946,141873.79859908493
162,2.0,136817.04055538602,142983.56196509965,1859.2275332230774,0.02735947856253322,152322.54472692555,0.051,5543.862142185131,2,8,25,26,0,0.949,142360.90269757115
163,2.0,136979.92105695407,143456.73960817634,1855.6187673462784,0.047553665941285725,152482.45586747263,0.05,4924.07762754457,2,10,18,32,0,0.95,141903.99868449866
164,2.0,137142.21558148117,143237.3393211704,1840.8345319251737,0.07145567643634561,152625.63947957617,0.034,4326.355036050103,2,12,17,17,0,0.966,141468.57061753128
165,2.0,135834.32111644305,142469.28397894205,1886.7425372665382,0.03341163383989929,151413.15799221068,0.058,1867.0852027569306,4,0,29,31,0,0.942,137701.40631919997
166,2.0,136173.53594413286,142688.23014251527,1869.6445634493223,0.03172051850694919,151741.12069772213,0.052,3789.5468809198237,4,2,27,28,0,0.948,139963.0828250527
167,2.0,136454.13723282402,142896.83655853797,1858.1143442960815,0.030833924931096046,152004.72805258186,0.051,4522.500094375488,4,4,22,30,0,0.949,140976.6373271995
168,2.0,136640.9796500268,143113.66109592817,1864.5853291971214,0.026193297030266512,152185.48067798192,0.052,5239.500435674501,4,6,25,29,0,0.948,141880.4800857013
169,2.0,136830.2705823492,143028.459604325,1856.2840987229536,0.027522996127902787,152358.6250842864,0.049,5559.867661118835,4,8,23,26,0,0.951,142390.13824346804
170,2.0,136990.72329518927,143477.2198638644,1855.4473000138255,0.04603284593209708,152512.91628048837,0.054,4847.413405624908,4,10,22,32,0,0.946,141838.13670081418
171,2.0,137150.86911299813,143278.76299545157,1843.269621885568,0.06976641570828622,152653.1353268126,0.036,4307.742542964566,4,12,18,18,0,0.964,141458.6116559627
172,2.0,135835.75854623388,142457.90030870133,1886.5755093410612,0.03320536293313053,151417.6696521762,0.06,1846.7407838566105,6,0,29,33,0,0.94,137682.49933009048
173,2.0,136175.11181869035,142680.27277162808,1869.6337650433345,0.031906984404031294,151745.52375660287,0.052,3792.349082738615,6,2,27,28,0,0.948,139967.46090142897
174,2.0,136455.64657986182,142884.4011896978,1858.4037283996454,0.03119393468969241,152009.10210731445,0.051,4521.820020224088,6,4,23,30,0,0.949,140977.4666000859
175,2.0,136695.52703029412,142997.4185388013,1843.3520622873937,0.03035008767793968,152237.30466085926,0.054,5160.63662030329,6,6,24,30,0,0.946,141856.16365059742
176,2.0,136847.45633374745,143051.56640933894,1845.2335523687923,0.029528521603356513,152385.8156111511,0.053,5578.654690777856,6,8,20,33,0,0.947,142426.1110245253
177,2.0,136999.59482785012,143462.67475230974,1848.3252325396998,0.045626417260936455,152531.18894680112,0.052,4817.665979135508,6,10,17,35,0,0.948,141817.26080698564
178,2.0,137155.44151641024,143287.47096490237,1837.951505006312,0.06800214083586893,152666.39552637518,0.04,4375.104705522812,6,12,17,23,0,0.96,141530.54622193304
179,2.0,135835.78141582062,142462.06434676328,1885.641297871904,0.033306844966395625,151418.32034730754,0.059,1845.5160356272254,8,0,29,32,0,0.9410000000000001,137681.29745144784
180,2.0,136175.05913279284,142684.61728362247,1868.1410327258056,0.0321807303888231,151746.30680733192,0.053,3797.9395253319612,8,2,27,29,0,0.947,139972.9986581248
181,2.0,136455.6148309128,142892.3033134872,1856.3586578793738,0.03167164285600577,152009.93693891974,0.051,4528.625710925677,8,4,24,29,0,0.949,140984.24054183846
182,2.0,136695.43458491508,143003.0165356659,1840.9503214215142,0.03089759130798643,152238.214960171,0.055,5190.87916263376,8,6,23,32,0,0.945,141886.31374754885
183,2.0,136894.37746179308,143099.54281420552,1826.327159324307,0.03271516597623013,152427.49346053362,0.056,5555.146643968954,8,8,24,32,0,0.944,142449.52410576202
184,2.0,137015.15921213356,143433.05303087272,1834.1395086280188,0.044212335919230766,152552.85267384755,0.045,4802.400183703734,8,10,14,31,0,0.955,141817.55939583728
185,2.0,137161.70279003237,143303.70050294686,1829.2646805344568,0.06437244075369773,152680.29610571268,0.039,4438.705297157995,8,12,16,23,0,0.961,141600.40808719036
186,2.0,135836.47828991222,142462.37196133594,1884.0903174879827,0.03353393958140779,151420.1256317665,0.059,1818.7964216945288,10,0,29,32,0,0.9410000000000001,137655.27471160676
187,2.0,136175.68335205046,142681.36120690271,1865.492047274505,0.03236537735700108,151748.28568453103,0.053,3742.2277273950604,10,2,27,30,0,0.947,139917.9110794455
188,2.0,136456.22745825254,142886.8742445134,1852.960896076037,0.031779192334688386,152012.051425208,0.049,4493.354699362729,10,4,24,27,0,0.951,140949.58215761528
189,2.0,136696.0723572653,142995.2262911225,1836.7908094011248,0.030980402226020998,152240.4449492139,0.056,5120.974534157888,10,6,24,32,0,0.944,141817.0468914232
190,2.0,136895.02033652717,143081.71771092742,1821.5714984999122,0.03276183463442942,152429.82938587252,0.054,5481.865593175746,10,8,25,29,0,0.946,142376.88592970293
191,2.0,137060.62130844517,143359.73364154575,1813.996135475561,0.043572226366144724,152590.3510872695,0.066,4737.826284245398,10,10,23,43,0,0.9339999999999999,141798.44759269056
192,2.0,137174.76886314165,143314.9845575387,1815.6076050702814,0.05762795458978137,152700.50931396862,0.036,4426.234850375695,10,12,15,21,0,0.964,141601.00371351733
193,2.0,135837.18989090098,142463.0928627697,1881.9113248467945,0.03359627475353887,151422.58725284503,0.061,1826.5892363956289,12,0,30,33,0,0.9390000000000001,137663.7791272966
194,2.0,136176.36875239684,142673.94456805266,1862.0946913246712,0.032171948160176135,151750.88898453536,0.054,3736.8891619422725,12,2,28,29,0,0.946,139913.2579143391
195,2.0,136456.8980559305,142880.61953534873,1848.6819509067545,0.03151860893989889,152014.76392660898,0.05,4532.806388494943,12,4,24,28,0,0.95,140989.70444442544
196,2.0,136696.69370296146,142982.1790085618,1831.7326010584984,0.030690070490969727,152243.24181982866,0.056,5100.808553695881,12,6,25,31,0,0.944,141797.50225665735
197,2.0,136895.66646932185,143056.2440963363,1815.8672431820116,0.032405913371822,152432.70938413893,0.052,5424.050131410922,12,8,24,28,0,0.948,142319.71660073276
198,2.0,137061.25315200508,143332.6427025454,1807.8847675438863,0.04320608828449592,152593.2967350561,0.048,4710.480197742501,12,10,19,29,0,0.952,141771.73334974758
199,2.0,137211.45286651555,143406.75296312082,1798.9994276022887,0.04409564133837425,152733.95961018154,0.042,4479.839208454992,12,12,21,22,0,0.958,141691.29207497055
200,2.5,136565.429583887,143067.96455381805,1869.9524709536868,0.040671669486847785,157415.39853362256,0.016,345.98946755669897,0,0,7,9,0,0.984,136911.4190514437
201,2.5,136565.429583887,143067.96455381805,1869.9524709536868,0.040671669486847785,157415.39853362256,0.016,345.98946755669897,0,0,7,9,0,0.984,136911.4190514437
202,2.5,136838.03091193616,143374.7191634475,1858.6631680709488,0.03843827494727617,157777.84509550725,0.022,718.5385822536157,0,2,12,10,0,0.978,137556.56949418978
203,2.5,137074.50885549662,143499.11066410888,1849.4502671211148,0.03289973250319501,158102.62868637312,0.014,1219.3389253503094,0,4,5,9,0,0.986,138293.84778084693
204,2.5,137303.29606392427,143790.35107548404,1842.0105172790045,0.03522591150302411,158403.62988029106,0.014,1029.5708797811237,0,6,6,8,0,0.986,138332.8669437054
205,2.5,137490.25197346383,143675.13821855554,1828.874961697446,0.0313962979412076,158661.16943657474,0.015,1112.381118707698,0,8,7,8,0,0.985,138602.63309217154
206,2.5,137678.0884768856,144138.54301580368,1832.7287683610778,0.049053682441075386,158882.19770815352,0.008,851.5656338037659,0,10,4,4,0,0.992,138529.65411068936
207,2.5,137829.57586734596,144022.4554237668,1823.8980944302284,0.06529899661157972,159079.08045702527,0.007,881.1819478404122,0,12,5,2,0,0.993,138710.75781518637
208,2.5,136557.53732680605,143112.99509425723,1871.2425405897905,0.033955356067288334,157485.92986735716,0.014,357.783127072968,2,0,6,8,0,0.986,136915.32045387902
209,2.5,136865.93159839752,143273.8144766047,1859.4053369175563,0.033730415417648575,157930.382072815,0.021,756.04315725768,2,2,11,10,0,0.979,137621.97475565522
210,2.5,137089.8457286063,143424.87572934944,1854.8769738116118,0.0336016469141983,158211.51461560538,0.013,1188.8232796421514,2,4,4,9,0,0.987,138278.66900824846
211,2.5,137330.1732985462,143704.27004080865,1856.81820009757,0.04164975432261725,158495.93215930343,0.014,977.3639890655734,2,6,6,8,0,0.986,138307.53728761178
212,2.5,137493.867685884,143741.44554056783,1839.0266837708837,0.03695474539621471,158744.88789159778,0.013,1047.959377377272,2,8,6,7,0,0.987,138541.82706326127
213,2.5,137624.4558961519,144007.64842024376,1831.9356191545924,0.04789840373351987,158961.52189384514,0.008,822.2213390753989,2,10,4,4,0,0.992,138446.67723522728
214,2.5,137811.3042825446,144125.29562697103,1835.7290288984925,0.07333225994483261,159155.5926486722,0.008,829.7497641006331,2,12,5,3,0,0.992,138641.0540466452
215,2.5,136559.15038466256,143120.99881080486,1873.9075152383416,0.0342342865718053,157515.3829404104,0.014,361.99351649499,4,0,6,8,0,0.986,136921.14390115754
216,2.5,136855.1491672578,143307.44729228131,1858.326984261368,0.03061208064551882,157959.41869005864,0.021,758.773510382446,4,2,10,11,0,0.979,137613.92267764025
217,2.5,137152.41190398767,143408.03763020647,1864.7618370802975,0.04191747398150511,158316.32724320897,0.015,1166.0571490150567,4,4,5,10,0,0.985,138318.46905300271
218,2.5,137340.22081711164,143672.89292456128,1857.2555465591233,0.043232699616586864,158559.56344615304,0.015,883.8397861891111,4,6,6,9,0,0.985,138224.06060330075
219,2.5,137473.52874691435,143660.52702296054,1834.453841110223,0.029761330010298986,158793.709509256,0.012,1004.986562115002,4,8,5,7,0,0.988,138478.51530902935
220,2.5,137630.03347389525,144064.31480134054,1836.2477829796883,0.04833505844352233,159002.79259180193,0.011,885.813232349379,4,10,5,5,1,0.989,138515.84670624463
221,2.5,137817.80101754656,144210.1615497955,1841.3694731880405,0.07360787995645031,159192.77520478136,0.009,802.7498990982831,4,12,6,3,0,0.991,138620.55091664483
222,2.5,136559.45022112955,143104.80174103647,1874.296186079914,0.034908958087788655,157521.48973065018,0.014,363.8418970680923,6,0,6,8,0,0.986,136923.29211819763
223,2.5,136870.67955839384,143264.44005489722,1862.4321131309875,0.03639691381795824,157965.43019747332,0.02,778.0338032889115,6,2,10,10,0,0.98,137648.71336168275
224,2.5,137101.1896987825,143499.03325315285,1850.004672942718,0.03170112032821329,158322.195336258,0.018,1182.2416182397299,6,4,8,10,0,0.982,138283.43131702222
225,2.5,137385.5627235267,143727.95300843363,1855.4533712875334,0.048353009813141494,158631.20702125403,0.016,924.6073331964268,6,6,4,12,0,0.984,138310.17005672312
226,2.5,137495.54442719216,143754.0909898667,1835.7377107478105,0.03834704508725625,158831.0128529152,0.013,1010.212798120509,6,8,7,6,0,0.987,138505.75722531267
227,2.5,137632.78634406714,144032.81222811627,1834.0363331942642,0.04795256607764078,159027.59920528546,0.013,888.3661570902193,6,10,7,6,1,0.987,138521.15250115737
228,2.5,137793.03702365447,144088.24938457907,1832.0867098781441,0.06872668921417811,159210.75781134886,0.01,780.6828163285443,6,12,5,5,0,0.99,138573.719839983
229,2.5,136563.276959358,143094.57974808576,1871.7669075447718,0.03426967804123635,157522.37141646497,0.015,375.22726223567224,8,0,6,9,0,0.985,136938.50422159367
230,2.5,136878.11208311818,143267.74915893906,1864.6207762646698,0.039099805430564974,157966.43606212808,0.02,800.8025953741785,8,2,10,10,0,0.98,137678.91467849235
231,2.5,137165.9752840903,143373.19287477777,1866.0451696557573,0.04597879444539838,158323.37050923536,0.015,1209.8877663041353,8,4,5,10,0,0.985,138375.86305039443
232,2.5,137359.0437968809,143631.5753849774,1844.9364173986878,0.04341714892152748,158632.4413914694,0.016,772.5713349964053,8,6,4,12,0,0.984,138131.6151318773
233,2.5,137538.12884735243,143877.58985647868,1838.5486183506328,0.04759092361379231,158888.7121944927,0.015,1029.7649540950304,8,8,6,9,0,0.985,138567.89380144747
234,2.5,137646.49410273563,144090.67065475858,1833.0851875010148,0.05409728820949289,159057.26734247207,0.009,904.7096589542423,8,10,4,5,0,0.991,138551.20376168986
235,2.5,137783.17662123335,144006.63241628304,1824.8736790030296,0.06795196492824945,159229.66648014504,0.008,760.706962101858,8,12,5,3,0,0.992,138543.8835833352
236,2.5,136560.72755605064,143063.19802137392,1869.5175922105188,0.03455576621644147,157524.76805210384,0.014,358.96747104744287,10,0,6,8,0,0.986,136919.6950270981
237,2.5,136889.34684221298,143209.1923725537,1863.3437205375587,0.04108864070325774,157969.11408243832,0.018,786.2932726742713,10,2,10,8,0,0.982,137675.64011488724
238,2.5,137149.2377363522,143351.45927921362,1857.1073926621368,0.04276594111270936,158326.22932950215,0.015,1222.4600122494799,10,4,5,10,0,0.985,138371.69774860167
239,2.5,137378.15764627184,143690.2415707625,1846.1163084326881,0.04743515308776342,158635.45149173215,0.016,1034.5600657543691,10,6,8,8,0,0.984,138412.7177120262
240,2.5,137545.26011775015,143920.64402305672,1836.1849093312803,0.050096978467706346,158891.87075684586,0.014,1041.6338867738978,10,8,5,9,0,0.986,138586.89400452405
241,2.5,137680.27999120767,144143.03764040582,1824.655024257468,0.05772819225176188,159109.1932769621,0.017,968.5816385240535,10,10,5,12,0,0.983,138648.86162973172
242,2.5,137780.4914338669,144087.61695594754,1815.9782794590399,0.0630603505641248,159257.35640756635,0.009,698.8509295269394,10,12,5,4,0,0.991,138479.34236339384
243,2.5,136556.75136078417,143090.30182961273,1868.7096649300515,0.03459631131631138,157528.1451080278,0.014,353.90458031952437,12,0,6,8,0,0.986,136910.6559411037
244,2.5,136909.1229962429,143243.99498257463,1868.764647907944,0.045101840797905496,157972.64277844943,0.019,765.9013250165222,12,2,10,9,0,0.981,137675.0243212594
245,2.5,137135.2052976576,143353.32125353976,1849.7945744509045,0.03859553961412839,158329.88423981142,0.015,1234.000892112923,12,4,5,10,0,0.985,138369.20618977054
246,2.5,137427.43694356503,143756.53060933325,1853.8909565479344,0.04932536644982629,158639.2514799388,0.014,805.2919481762709,12,6,3,11,0,0.986,138232.7288917413
247,2.5,137530.45480458616,143808.04801812264,1825.619098733995,0.04795794545592464,158895.7685781533,0.016,1046.068880346917,12,8,5,11,0,0.984,138576.52368493308
248,2.5,137692.75932212546,144215.36012687485,1823.154594115559,0.06173404839956955,159113.19423752054,0.017,978.1432907645791,12,10,5,12,0,0.983,138670.90261289003
249,2.5,137804.46216033917,144115.2631967325,1807.8679075001378,0.0555718351865218,159303.6311534312,0.006,591.8445373944423,12,12,4,2,0,0.994,138396.3066977336
250,3.0,136686.37853206147,143301.57821492822,1882.2693889463192,0.05270658103712889,163671.1863049595,0.002,48.428072916031695,0,0,1,1,0,0.998,136734.8066049775
251,3.0,136686.37853206147,143301.57821492822,1882.2693889463192,0.05270658103712889,163671.1863049595,0.002,48.428072916031695,0,0,1,1,0,0.998,136734.8066049775
252,3.0,137097.10620252605,143565.15652469138,1894.0777438839282,0.06439809162558267,164106.12775484944,0.002,27.739314995681223,0,2,0,2,0,0.998,137124.84551752172
253,3.0,137265.74837624747,143721.47976690377,1851.7008352955227,0.038618342611502696,164495.91924362688,0.004,245.59929013459413,0,4,2,2,0,0.996,137511.34766638206
254,3.0,137521.8197040972,144051.254779655,1841.116016911781,0.041559271671654796,164857.0951468041,0.001,115.30954349369921,0,6,1,0,0,0.999,137637.1292475909
255,3.0,137725.71266707793,143841.6115273696,1827.9786207605277,0.03300529183444864,165166.117750734,0.002,104.25616223045431,0,8,1,1,0,0.998,137829.96882930837
256,3.0,137901.76051281163,144262.51728348795,1823.485004473235,0.04610143162599859,165431.34561083245,0.003,196.7131540670111,0,10,2,1,0,0.997,138098.47366687865
257,3.0,138065.19313330407,144156.29182861256,1811.4593170853382,0.058818424344085345,165667.5794926778,0.001,87.16979012182087,0,12,1,0,0,0.999,138152.36292342588
258,3.0,136647.01120551123,143333.40112889008,1879.128480018671,0.038680892037648,163755.91357067402,0.002,46.944941175431794,2,0,1,1,0,0.998,136693.95614668666
259,3.0,137024.82145074802,143415.44143592933,1862.3279717973314,0.03963135020194305,164289.1681966323,0.001,9.83250775695908,2,2,0,1,0,0.999,137034.65395850496
260,3.0,137269.3956584465,143834.18957820476,1862.3146651714956,0.03650356284108729,164626.53751505257,0.004,229.23765687601363,2,4,2,2,0,0.996,137498.6333153225
261,3.0,137549.87246324736,143959.95703647504,1856.5150341203241,0.03879249484609477,164967.84153775967,0.001,104.09628690321296,2,6,1,0,0,0.999,137653.96875015058
262,3.0,137742.06911974945,143995.3446852896,1840.3575991039918,0.03193996487502595,165266.58299162623,0.002,94.70790811471555,2,8,1,1,0,0.998,137836.77702786415
263,3.0,137924.72845711006,144437.78812924167,1845.6207315488714,0.053272211132819845,165526.55279983065,0.002,189.2026947339279,2,10,1,1,0,0.998,138113.93115184398
264,3.0,138083.28055308963,144248.01550475258,1829.933727285349,0.06471693964113284,165759.39436662855,0.001,95.5156602988026,2,12,1,0,0,0.999,138178.79621338844
265,3.0,136655.68347178507,143284.34136817296,1881.7219761753256,0.0385467724637596,163791.1760668671,0.002,46.77837803920366,4,0,1,1,0,0.998,136702.46184982426
266,3.0,137383.2429971973,143922.29775566177,1933.3638919138298,0.05694954868151687,164323.98508827708,0.002,9.726721327089207,4,2,1,1,0,0.998,137392.96971852437
267,3.0,137329.58603522673,143667.5306985419,1860.6483285951729,0.04105745372924125,164752.29547009882,0.003,189.58941590614663,4,4,2,1,0,0.997,137519.17545113288
268,3.0,137542.66987224075,143907.05554723687,1855.7608898144022,0.03560655329203534,165044.1963569574,0.001,96.78355917512542,4,6,1,0,0,0.999,137639.45343141587
269,3.0,137814.82742874956,144277.89321070895,1863.0930051350217,0.03934104676467537,165325.2538068269,0.002,81.47524281092836,4,8,1,1,0,0.998,137896.3026715605
270,3.0,137922.8086372519,144561.3353470051,1844.5007917245673,0.048910915248662985,165576.06384176636,0.002,181.40093334193108,4,10,1,1,0,0.998,138104.20957059384
271,3.0,138082.94655797773,144267.6429184543,1830.6232840033479,0.06034706221885767,165804.05253644843,0.002,106.09997540136087,4,12,2,0,0,0.998,138189.0465333791
272,3.0,136769.4323890018,143306.88994005456,1905.30968854342,0.041400951784137906,163798.50012487106,0.002,46.93570941418044,6,0,1,1,0,0.998,136816.368098416
273,3.0,137028.9299247088,143865.7459481851,1883.2028581671557,0.04740021508234638,164331.2145508632,0.002,19.240684699513295,6,2,1,1,0,0.998,137048.1706094083
274,3.0,137426.3991086864,143939.19198825536,1894.4560617805794,0.05724638229844861,164759.39426447373,0.004,196.652404593236,6,4,3,1,0,0.996,137623.05151327964
275,3.0,137641.3910826981,144129.73182422688,1869.10452366211,0.050613168642300144,165130.1608381316,0.001,101.4628592911152,6,6,1,0,0,0.999,137742.85394198922
276,3.0,137772.4448280992,144105.57414641778,1844.68451660566,0.04133836714706584,165369.90022069885,0.004,66.64014622985718,6,8,3,1,0,0.996,137839.08497432905
277,3.0,137982.03998170784,144519.38356618426,1862.168438250785,0.061035478510197964,165605.86909557582,0.002,181.80950241001162,6,10,1,1,0,0.998,138163.84948411785
278,3.0,138093.99718099422,144378.00712993392,1831.5649978040544,0.06608258435056048,165825.59731779498,0.002,118.38640176722832,6,12,2,0,0,0.998,138212.38358276145
279,3.0,136660.30770279188,143310.31559459504,1878.2272871294808,0.04306161217120167,163799.550159937,0.002,49.792029984190584,8,0,1,1,0,0.998,136710.09973277606
280,3.0,137037.92075950516,143540.84431474702,1881.1960141926813,0.04289322500768471,164332.42572200266,0.002,22.190990905300403,8,2,1,1,0,0.998,137060.11175041046
281,3.0,137341.90508741533,143617.40796631254,1865.7556471996522,0.04104548548277444,164760.76240179272,0.005,203.0905615480402,8,4,3,2,0,0.995,137544.99564896338
282,3.0,137703.64923647267,144247.10365529533,1878.567497179482,0.0586916320510213,165131.61151547372,0.001,103.8864371366242,8,6,1,0,0,0.999,137807.5356736093
283,3.0,137858.34394249838,144308.69121706916,1856.4865671265761,0.05601556552531229,165439.18718088535,0.003,49.794898572319305,8,8,3,0,0,0.997,137908.1388410707
284,3.0,137978.12411896567,144611.16386569192,1847.695401704339,0.06466877864503785,165641.44439828538,0.003,190.75222320584004,8,10,2,1,0,0.997,138168.8763421715
285,3.0,138118.64944636528,144444.19898686022,1838.2809055180267,0.07146743804472888,165848.32876510813,0.001,135.99511013032415,8,12,1,0,0,0.999,138254.6445564956
286,3.0,136746.3149018386,143125.79152158654,1889.1357451764018,0.042373733993131955,163802.44784805263,0.002,47.89325988209385,10,0,1,1,0,0.998,136794.2081617207
287,3.0,137188.06679029603,143665.32120475586,1904.8332854413181,0.057710188694233965,164335.660526158,0.002,21.938743383256792,10,2,1,1,0,0.998,137210.00553367927
288,3.0,137416.88629899852,143775.0356256236,1881.3497339179557,0.05176909934197659,164764.1985783433,0.005,206.2536805808577,10,4,3,2,0,0.995,137623.13997957937
289,3.0,137702.65282146848,144276.97666529525,1875.3447247701426,0.058770330924489085,165135.2619141057,0.001,103.51596838134843,10,6,1,0,0,0.999,137806.16878984982
290,3.0,137843.81065534134,144313.28866012907,1856.9154489670557,0.057982012124510575,165442.9562499246,0.002,38.30516515628881,10,8,2,0,0,0.998,137882.11582049762
291,3.0,137991.4293967564,144492.4441699519,1834.9361255481704,0.05771509842241017,165703.75403527776,0.004,164.19075465447028,10,10,2,2,0,0.996,138155.62015141087
292,3.0,138141.74250510312,144550.35870612046,1835.1204988252875,0.07000160701816745,165881.53103796003,0.002,130.93176293248376,10,12,1,1,0,0.998,138272.6742680356
293,3.0,136633.268103325,143324.53874884875,1873.8558540175993,0.035300333130147986,163806.49560458775,0.002,47.306646463846356,12,0,1,1,0,0.998,136680.57474978885
294,3.0,137593.3670338733,144168.73003092135,1943.1545022596224,0.058723374102830767,164339.88082237172,0.002,18.264647196154407,12,2,1,1,0,0.998,137611.63168106947
295,3.0,137347.78227770663,143629.6936073041,1859.242651576631,0.04104789123494708,164768.59957917337,0.004,194.46809166794736,12,4,3,1,0,0.996,137542.25036937458
296,3.0,137790.21061497353,144581.630754397,1891.7567460866499,0.07059203073047231,165139.82246646305,0.003,97.57783465777861,12,6,1,2,0,0.997,137887.7884496313
297,3.0,137902.13604625862,144456.59722239705,1863.338992176222,0.06368089521765645,165447.6314197983,0.002,27.927454333646367,12,8,2,0,0,0.998,137930.06350059225
298,3.0,138056.4394303984,144823.7775228977,1837.8419534411153,0.08036743381284848,165708.5404634622,0.004,160.55863086863826,12,10,2,2,0,0.996,138216.99806126705
299,3.0,138209.47279451907,144755.35883979316,1832.6231810912948,0.07156052512622571,165937.07769709188,0.003,136.61384061085113,12,12,2,1,0,0.997,138346.0866351299
